{"cameraMode":{"drawMode":0,"name":"Shaded","section":"Shading Mode"},"sceneLighting":false,"audioPlay":false,"sceneViewState":{"showFog":true,"showMaterialUpdate":false,"showSkybox":true,"showFlares":true,"showImageEffects":true,"showParticleSystems":true},"in2DMode":false,"pivot":{"x":284.2867736816406,"y":75.00038146972656,"z":57.55482482910156},"rotation":{"x":-0.0975966528058052,"y":0.034057050943374637,"z":-0.0033420873805880548,"w":-0.9946393370628357},"size":86.39529418945313,"orthographic":false}